{
  "transformer": {
    "Standard": {
      "val_loss": 1.4854620695114136,
      "per_layer_entropy": [
        1.6467028856277466,
        3.5028364658355713,
        2.0671939849853516,
        1.8163963556289673,
        1.3832306861877441,
        1.9954676628112793
      ],
      "per_layer_per_head": [
        [
          0.01868494600057602,
          2.9754350185394287,
          0.03886054828763008,
          2.902050018310547,
          0.963635265827179,
          2.9815523624420166
        ],
        [
          3.9342405796051025,
          4.286325454711914,
          3.5027363300323486,
          3.673386335372925,
          4.17874002456665,
          1.4415911436080933
        ],
        [
          3.575712203979492,
          0.8388012051582336,
          2.7087507247924805,
          3.2825682163238525,
          1.1978459358215332,
          0.7994859218597412
        ],
        [
          1.9743448495864868,
          1.5290958881378174,
          1.7790004014968872,
          2.464378833770752,
          1.4508110284805298,
          1.7007482051849365
        ],
        [
          1.399431824684143,
          0.807102382183075,
          1.7190426588058472,
          1.8800514936447144,
          0.9055190086364746,
          1.588236927986145
        ],
        [
          2.142207145690918,
          1.9286208152770996,
          1.849930763244629,
          2.0843899250030518,
          2.6632022857666016,
          1.304455280303955
        ]
      ]
    },
    "LIF": {
      "val_loss": 1.4703640937805176,
      "per_layer_entropy": [
        1.2053219079971313,
        3.896991014480591,
        1.610659122467041,
        1.6883338689804077,
        1.5776209831237793,
        2.46486759185791
      ],
      "per_layer_per_head": [
        [
          0.010303162038326263,
          0.05945790186524391,
          1.1900023221969604,
          2.884551525115967,
          0.22609707713127136,
          2.8615188598632812
        ],
        [
          4.201153755187988,
          3.9632463455200195,
          3.355318546295166,
          4.1652021408081055,
          4.158390998840332,
          3.538634777069092
        ],
        [
          1.7134419679641724,
          0.47696974873542786,
          1.489946961402893,
          2.9094223976135254,
          1.909411072731018,
          1.1647629737854004
        ],
        [
          2.447258949279785,
          1.1767479181289673,
          1.979459285736084,
          1.8671400547027588,
          1.7952508926391602,
          0.8641459345817566
        ],
        [
          1.4738200902938843,
          2.0026867389678955,
          1.7341793775558472,
          1.6451579332351685,
          0.8076996207237244,
          1.8021818399429321
        ],
        [
          2.3425395488739014,
          2.673682451248169,
          2.243191719055176,
          2.2430942058563232,
          2.6680634021759033,
          2.61863374710083
        ]
      ]
    },
    "LIF-fixed": {
      "val_loss": 1.4641494750976562,
      "per_layer_entropy": [
        1.327212929725647,
        1.8707767724990845,
        3.617645502090454,
        1.593155860900879,
        2.000701427459717,
        2.570251941680908
      ],
      "per_layer_per_head": [
        [
          0.06265908479690552,
          2.7867588996887207,
          0.8158026337623596,
          2.796001434326172,
          1.5004373788833618,
          0.00161803571972996
        ],
        [
          0.8278568983078003,
          1.6952358484268188,
          0.14911064505577087,
          4.2894392013549805,
          1.224494457244873,
          3.0385243892669678
        ],
        [
          3.660313367843628,
          4.081877708435059,
          3.957303762435913,
          3.2856528759002686,
          2.705451726913452,
          4.015275001525879
        ],
        [
          2.1814486980438232,
          0.9018726348876953,
          1.7776304483413696,
          2.157777786254883,
          1.132411241531372,
          1.4077950716018677
        ],
        [
          1.808228850364685,
          2.0658152103424072,
          1.9675219058990479,
          2.1725399494171143,
          2.0145859718322754,
          1.9755170345306396
        ],
        [
          2.511669635772705,
          2.785817861557007,
          2.6613781452178955,
          2.354768991470337,
          2.4399263858795166,
          2.6679515838623047
        ]
      ]
    },
    "LIF-refrac": {
      "val_loss": 1.4575406312942505,
      "per_layer_entropy": [
        1.2594141960144043,
        2.532302141189575,
        3.209644317626953,
        2.378432273864746,
        1.9104851484298706,
        2.287195920944214
      ],
      "per_layer_per_head": [
        [
          0.10242058336734772,
          1.4195388555526733,
          0.4819791615009308,
          2.7709715366363525,
          2.7782881259918213,
          0.003287079744040966
        ],
        [
          4.236006259918213,
          1.149759292602539,
          4.027278900146484,
          0.25046491622924805,
          2.301131248474121,
          3.2291717529296875
        ],
        [
          1.8685489892959595,
          3.7610716819763184,
          3.447389602661133,
          3.597060441970825,
          2.655775308609009,
          3.9280192852020264
        ],
        [
          1.8362873792648315,
          2.6371400356292725,
          1.1605620384216309,
          2.4097135066986084,
          4.168643474578857,
          2.05824613571167
        ],
        [
          1.7713046073913574,
          2.348134994506836,
          1.9356822967529297,
          1.6310548782348633,
          1.66779625415802,
          2.108938217163086
        ],
        [
          2.350722551345825,
          2.3278610706329346,
          1.777084469795227,
          2.4163005352020264,
          2.498962163925171,
          2.3522441387176514
        ]
      ]
    },
    "Refrac+Head": {
      "val_loss": 1.4707062244415283,
      "per_layer_entropy": [
        1.1862273216247559,
        3.7176425457000732,
        1.659313678741455,
        1.8861628770828247,
        1.974514126777649,
        2.284067153930664
      ],
      "per_layer_per_head": [
        [
          0.018748722970485687,
          0.022144462913274765,
          1.2512922286987305,
          2.8402602672576904,
          0.09945382177829742,
          2.8854637145996094
        ],
        [
          3.799424648284912,
          2.6934666633605957,
          4.034486770629883,
          4.055202484130859,
          4.143825054168701,
          3.579449415206909
        ],
        [
          0.4279031753540039,
          1.6812090873718262,
          3.7360126972198486,
          0.25044894218444824,
          2.603398084640503,
          1.256909966468811
        ],
        [
          2.090250253677368,
          2.026160478591919,
          2.0629870891571045,
          1.2630279064178467,
          1.5334926843643188,
          2.3410592079162598
        ],
        [
          1.8618682622909546,
          1.863643765449524,
          1.5432997941970825,
          1.838459849357605,
          2.371741533279419,
          2.3680710792541504
        ],
        [
          2.519279718399048,
          2.680634021759033,
          2.5977742671966553,
          1.2257671356201172,
          2.7368967533111572,
          1.9440511465072632
        ]
      ]
    }
  },
  "cfc_text": {
    "base": {
      "per_layer": {
        "0": {
          "entropy_mean": -9.000000744168337e-11,
          "entropy_std": 1.2924697071141057e-26,
          "fire_rate_mean": 1.0,
          "fire_rate_std": 0.0,
          "n_seeds": 3
        },
        "1": {
          "entropy_mean": -9.000000744168337e-11,
          "entropy_std": 1.2924697071141057e-26,
          "fire_rate_mean": 1.0,
          "fire_rate_std": 0.0,
          "n_seeds": 3
        },