{
  "xs": {
    "best_val_loss": 1.7280619144439697,
    "n_params": 418584,
    "n_lif_values": 24,
    "lif_params": {
      "transformer.h.0.attn.threshold": [
        -0.00034362386213615537,
        0.0004066101973876357,
        0.9647214412689209,
        0.0009614068549126387
      ],
      "transformer.h.0.attn.leak": [
        2.1799674034118652,
        2.3105974197387695,
        0.9593259692192078,
        1.889041543006897
      ],
      "transformer.h.0.attn.steepness": [
        2.0255305767059326,
        1.753359079360962,
        3.08406925201416,
        2.5555009841918945
      ],
      "transformer.h.1.attn.threshold": [
        0.2554582953453064,
        0.2399904876947403,
        0.03435581922531128,
        0.03041043132543564
      ],
      "transformer.h.1.attn.leak": [
        1.7379456758499146,
        1.7453032732009888,
        1.9626648426055908,
        2.0068256855010986
      ],
      "transformer.h.1.attn.steepness": [
        2.332998037338257,
        2.290860414505005,
        2.0573928356170654,
        2.0739548206329346
      ]
    },
    "config": {
      "n_layer": 2,
      "n_head": 4,
      "n_embd": 128
    }
  },
  "small": {
    "best_val_loss": 1.6052560806274414,
    "n_params": 1808304,
    "n_lif_values": 48,
    "lif_params": {
      "transformer.h.0.attn.threshold": [
        0.4920733571052551,
        -0.00010730465146480128,
        0.6324707269668579,
        1.199541449546814
      ],
      "transformer.h.0.attn.leak": [
        1.3294258117675781,
        2.431122303009033,
        1.1784173250198364,
        0.8924407362937927
      ],
      "transformer.h.0.attn.steepness": [
        2.820279359817505,
        1.7976394891738892,
        2.9246668815612793,
        3.022920846939087
      ],
      "transformer.h.1.attn.threshold": [
        -0.002801576629281044,
        0.0005724377697333694,
        0.4971950054168701,
        0.006574929226189852
      ],
      "transformer.h.1.attn.leak": [
        2.2097558975219727,
        2.412299633026123,
        1.6754049062728882,
        2.017937183380127
      ],
      "transformer.h.1.attn.steepness": [
        1.795369029045105,
        1.6238797903060913,
        2.2939114570617676,
        2.0107414722442627
      ],
      "transformer.h.2.attn.threshold": [
        -0.0004998548538424075,
        -0.19880647957324982,
        0.16113270819187164,
        0.36167365312576294
      ],
      "transformer.h.2.attn.leak": [
        2.206897020339966,
        1.8140358924865723,
        1.9329965114593506,
        1.7546868324279785
      ],
      "transformer.h.2.attn.steepness": [
        1.832505226135254,
        2.213916778564453,
        2.0170819759368896,
        2.183528184890747
      ],
      "transformer.h.3.attn.threshold": [
        0.2538371682167053,
        0.050088346004486084,
        0.11545953154563904,
        0.31195756793022156
      ],
      "transformer.h.3.attn.leak": [
        1.8693914413452148,
        2.034010648727417,
        2.0198967456817627,
        1.7732545137405396
      ],
      "transformer.h.3.attn.steepness": [
        2.1469740867614746,
        2.0031721591949463,
        1.9996305704116821,
        2.1990346908569336
      ]
    },
    "config": {
      "n_layer": 4,
      "n_head": 4,
      "n_embd": 192
    }
  },
  "medium": {
    "best_val_loss": 1.5685858726501465,
    "n_params": 4771472,
    "n_lif_values": 144,
    "lif_params": {
      "transformer.h.0.attn.threshold": [
        1.0189181566238403,
        -0.0004291892400942743,
        1.177148699760437,
        0.0002574654936324805,
        0.9185831546783447,
        0.9634518027305603,
        -0.08404642343521118,
        6.150075932964683e-06
      ],
      "transformer.h.0.attn.leak": [
        0.9921749234199524,
        2.3265011310577393,
        0.9146630764007568,
        2.3898510932922363,
        1.0003951787948608,
        1.083348274230957,
        1.6731467247009277,
        2.2728447914123535
      ],
      "transformer.h.0.attn.steepness": [
        3.006241798400879,
        1.729965090751648,
        3.0079758167266846,
        1.9457287788391113,
        3.0234429836273193,
        2.916186809539795,
        2.6037042140960693,
        1.7390713691711426
      ],
      "transformer.h.1.attn.threshold": [
        0.18984535336494446,
        -0.3707254230976105,
        5.559693090617657e-05,
        0.00023707846412435174,
        -0.38890087604522705,
        0.21710415184497833,
        0.19575457274913788,
        -0.0017022914253175259
      ],
      "transformer.h.1.attn.leak": [
        1.964569091796875,
        1.7795735597610474,
        2.3274006843566895,
        2.373495578765869,
        1.7375456094741821,
        1.8746610879898071,
        1.9093319177627563,
        2.3104755878448486
      ],
      "transformer.h.1.attn.steepness": [
        1.9790120124816895,
        2.1550116539001465,
        1.6728931665420532,
        1.6294019222259521,
        2.1938083171844482,
        2.0748627185821533,
        2.0660152435302734,
        1.6663682460784912
      ],
      "transformer.h.2.attn.threshold": [
        0.0002961691643577069,
        -0.1336829662322998,
        -0.00023079881793819368,
        -0.32518938183784485,
        -0.003944032825529575,
        -5.316357419360429e-05,
        0.4345243275165558,
        -0.0072183855809271336
      ],
      "transformer.h.2.attn.leak": [
        2.2315523624420166,
        1.981113076210022,
        2.0724406242370605,
        1.8305524587631226,
        2.2269091606140137,
        2.454509973526001,
        1.709062933921814,
        2.030036211013794
      ],
      "transformer.h.2.attn.steepness": [
        1.781447410583496,
        1.9820685386657715,
        1.9182952642440796,
        2.0939671993255615,
        1.8227547407150269,
        1.539920449256897,
        2.2154035568237305,
        1.9791988134384155
      ],
      "transformer.h.3.attn.threshold": [
        -0.04050266370177269,
        0.004155204631388187,
        -0.011972567066550255,
        0.0033234842121601105,
        0.004899477586150169,
        0.16540947556495667,
        -0.12370461970567703,
        0.3003776967525482
      ],
      "transformer.h.3.attn.leak": [
        2.0596187114715576,
        2.031348943710327,
        2.1345760822296143,
        2.1011669635772705,
        2.214362382888794,
        1.91610848903656,
        1.967519760131836,
        1.8185001611709595
      ],
      "transformer.h.3.attn.steepness": [
        1.9078325033187866,
        1.9661788940429688,
        1.866653561592102,
        1.9128267765045166,
        1.8083782196044922,
        2.038698434829712,
        2.007982015609741,
        2.111501932144165
      ],
      "transformer.h.4.attn.threshold": [
        -0.11363270878791809,
        0.01378838624805212,
        -0.0006271247984841466,
        0.1084708496928215,
        -0.13746754825115204,
        -0.001370980404317379,
        0.15179987251758575,
        -0.08215717226266861
      ],
      "transformer.h.4.attn.leak": [
        2.015273332595825,
        2.0519492626190186,
        2.167964458465576,
        1.9617208242416382,
        2.041815757751465,
        2.162689685821533,
        1.9435032606124878,
        2.0061521530151367
      ],
      "transformer.h.4.attn.steepness": [
        1.9900249242782593,
        1.9335026741027832,
        1.8743618726730347,
        2.0404555797576904,
        1.966530203819275,
        1.865721583366394,
        2.039506673812866,
        1.993078351020813
      ],
      "transformer.h.5.attn.threshold": [
        -0.12029670923948288,
        -0.06906753778457642,
        0.06705927103757858,
        -0.09881376475095749,
        -0.045555587857961655,
        -0.17646607756614685,
        -0.05522632226347923,
        0.0038447328843176365
      ],