{
  "42": {
    "best_val": 1.6085870265960693,
    "params": {
      "transformer.h.0.attn.threshold": [
        2.423304795229342e-05,
        -0.000471807608846575,
        0.49496012926101685,
        1.7509040832519531
      ],
      "transformer.h.0.attn.leak": [
        2.974456548690796,
        3.0235373973846436,
        1.3847380876541138,
        -0.12486755847930908
      ],
      "transformer.h.0.attn.steepness": [
        1.5162019729614258,
        1.0814063549041748,
        3.4479146003723145,
        4.273965835571289
      ],
      "transformer.h.1.attn.threshold": [
        -0.5635668635368347,
        -0.25561508536338806,
        0.8764777183532715,
        0.0006074504926800728
      ],
      "transformer.h.1.attn.leak": [
        1.4275450706481934,
        1.816184401512146,
        1.0401540994644165,
        2.399698495864868
      ],
      "transformer.h.1.attn.steepness": [
        2.6608147621154785,
        2.2195627689361572,
        3.099292516708374,
        1.712586522102356
      ]
    }
  },
  "668": {
    "best_val": 1.6227025985717773,
    "params": {
      "transformer.h.0.attn.threshold": [
        0.0004076302866451442,
        0.018062734976410866,
        -7.461669883923605e-05,
        2.323429584503174
      ],
      "transformer.h.0.attn.leak": [
        2.6384897232055664,
        2.2675957679748535,
        2.8816261291503906,
        -0.3210676908493042
      ],
      "transformer.h.0.attn.steepness": [
        1.826762080192566,
        2.5281691551208496,
        1.4134037494659424,
        4.333695888519287
      ],
      "transformer.h.1.attn.threshold": [
        -0.0004739223513752222,
        0.14004814624786377,
        -0.23613308370113373,
        0.6756386756896973
      ],
      "transformer.h.1.attn.leak": [
        2.574328660964966,
        1.7669345140457153,
        1.859557867050171,
        1.2914546728134155
      ],
      "transformer.h.1.attn.steepness": [
        1.5903780460357666,
        2.4387288093566895,
        2.1200053691864014,
        2.805946111679077
      ]
    }
  },
  "1337": {
    "best_val": 1.6151500940322876,
    "params": {
      "transformer.h.0.attn.threshold": [
        2.3501579761505127,
        -7.108876889105886e-05,
        0.00020048688747920096,
        0.00044867084943689406
      ],
      "transformer.h.0.attn.leak": [
        -0.35474246740341187,
        3.0292327404022217,
        3.389261484146118,
        2.8983776569366455
      ],
      "transformer.h.0.attn.steepness": [
        4.358852386474609,
        1.3014336824417114,
        0.8898257613182068,
        1.6488044261932373
      ],
      "transformer.h.1.attn.threshold": [
        -0.0006041956949047744,
        -1.681614958215505e-05,
        -0.5151805281639099,
        0.7186696529388428
      ],
      "transformer.h.1.attn.leak": [
        2.307386875152588,
        2.149949789047241,
        1.4878484010696411,
        1.3865113258361816
      ],
      "transformer.h.1.attn.steepness": [
        1.8117414712905884,
        2.0184645652770996,
        2.6400222778320312,
        2.6491858959198
      ]
    }
  }
}